EXPERIMENT,AUPRC,AUROC,F1
ENCFF999NWQ,0.4288495153991402,0.8387526862856891,0.41927710843373495
ENCFF999NWQ,0.4288495153991402,0.8387526862856891,0.41927710843373495
